ncand,n_far,is_top1,beats_far,pct_far,margin_far,displacement,d_assigned,L,locus_len,chance,pair
9,4,False,True,0.0,0.043195936927765556,216.0,0.05654012592886632,248,1226,0.2,hg38_vs_mm39
22,17,False,True,0.0,0.0041719970621752756,72.0,0.0832025837746946,168,1883,0.05555555555555555,hg38_vs_mm39
13,8,True,True,0.0,0.12433344140288108,0.0,0.061143125966505334,168,1128,0.1111111111111111,hg38_vs_mm39
8,5,True,True,0.0,0.03598717057070986,0.0,0.04859273681628804,928,4078,0.16666666666666666,hg38_vs_mm39
34,29,False,True,0.0,0.016318707970166296,116.0,0.07802436761897377,128,2212,0.03333333333333333,hg38_vs_mm39
31,26,False,False,0.3076923076923077,-0.015237365071068862,216.0,0.0491568676075999,248,3933,0.037037037037037035,hg38_vs_mm39
42,37,False,True,0.0,0.0027703307433421948,136.0,0.0530682568481767,208,4450,0.02631578947368421,hg38_vs_mm39
16,11,False,False,0.45454545454545453,-0.0503568261467742,312.0,0.0750294227087158,288,2433,0.08333333333333333,hg38_vs_mm39
19,14,False,True,0.0,0.0713590233201739,192.0,0.0731674142728647,368,3602,0.06666666666666667,hg38_vs_mm39
42,37,False,False,0.05405405405405406,-0.0026694533630533396,32.0,0.07316354142647852,288,6089,0.02631578947368421,hg38_vs_mm39
15,10,False,True,0.0,0.062033245748452384,73.0,0.031437002020139465,208,1623,0.09090909090909091,hg38_vs_mm39
5,2,False,True,0.0,0.20456747920707175,46.0,0.04994771728899466,448,1206,0.3333333333333333,hg38_vs_mm39
11,6,True,True,0.0,0.09718778048709606,0.0,0.015758590867552935,448,2567,0.14285714285714285,hg38_vs_mm39
10,5,True,True,0.0,0.17027970377301768,0.0,0.025308987795074005,208,1194,0.16666666666666666,hg38_vs_mm39
30,25,False,False,0.16,-0.01309863346981139,127.0,0.051200344506224287,248,3745,0.038461538461538464,hg38_vs_mm39
22,17,False,False,0.11764705882352941,-0.019296147971795866,2660.0,0.08657502268756483,768,8740,0.05555555555555555,hg38_vs_mm39
29,24,False,True,0.0,0.046133012362959275,6.0,0.07844523246129433,208,3106,0.04,hg38_vs_mm39
6,3,False,True,0.0,0.0008438662168179754,508.0,0.017257222945108425,808,2695,0.25,hg38_vs_mm39
12,7,False,True,0.0,0.03682025205319129,104.0,0.03193686946074394,208,1412,0.125,hg38_vs_mm39
12,7,False,True,0.0,0.046203833494543246,84.0,0.06048294682107117,208,1324,0.125,hg38_vs_mm39
13,8,False,True,0.0,0.06519732236210726,57.0,0.031657257117934386,208,1449,0.1111111111111111,hg38_vs_mm39
29,24,False,True,0.0,0.003849675905915964,123.0,0.06991864000866752,168,2449,0.04,hg38_vs_mm39
26,21,False,False,0.047619047619047616,-0.0031906217895988145,96.0,0.04564050429313023,368,4784,0.045454545454545456,hg38_vs_mm39
20,15,False,True,0.0,0.11011142182438574,88.0,0.01433406032244178,248,2520,0.0625,hg38_vs_mm39
18,14,False,False,0.07142857142857142,-0.002466601258702003,776.0,0.0801956034350599,368,3422,0.06666666666666667,hg38_vs_mm39
27,22,False,False,0.5,-0.039470861178440925,1900.0,0.10423222566837095,248,3444,0.043478260869565216,hg38_vs_mm39
11,6,False,False,0.16666666666666666,-0.005738423667735665,259.0,0.039796792855009,328,1821,0.14285714285714285,hg38_vs_mm39
26,21,False,False,0.5238095238095238,-0.034122268587908185,1984.0,0.06292491557301995,288,3874,0.045454545454545456,hg38_vs_mm39
12,7,True,True,0.0,0.07206253353636483,0.0,0.017653645466867717,288,1861,0.125,hg38_vs_mm39
6,3,False,False,1.0,-0.012274388332601596,636.0,0.09201293471808299,408,1415,0.25,hg38_vs_mm39
8,4,False,False,0.5,-0.009635163171596878,1276.0,0.05995111389343775,488,1996,0.2,hg38_vs_mm39
12,8,False,False,0.25,-0.01658734362597001,1520.0,0.06990862796510042,328,2069,0.1111111111111111,hg38_vs_mm39
53,48,True,True,0.0,0.07301729348378223,0.0,0.02001449167612138,248,6595,0.02040816326530612,hg38_vs_mm39
46,41,False,False,0.12195121951219512,-0.014369215655519102,2700.0,0.039153449438015527,488,11278,0.023809523809523808,hg38_vs_mm39
18,13,False,True,0.0,0.00819720466811076,48.0,0.0786975802123742,128,1154,0.07142857142857142,hg38_vs_mm39
9,4,False,True,0.0,0.09965183804307882,131.0,0.03406839255753054,248,1151,0.2,hg38_vs_mm39
14,9,False,False,0.1111111111111111,-0.01267470628888094,275.0,0.06788613481003462,288,2091,0.1,hg38_vs_mm39
6,1,False,True,0.0,0.06534813934491576,8.0,0.014245215693568618,728,2276,0.5,hg38_vs_mm39
6,2,False,False,1.0,-0.006326797409710573,912.0,0.04012909975594359,1168,3945,0.3333333333333333,hg38_vs_mm39
20,15,False,False,0.13333333333333333,-0.017251487673040113,198.0,0.07321748729456198,248,2510,0.0625,hg38_vs_mm39
18,13,False,False,0.07692307692307693,-0.001022470274240645,176.0,0.030960530811501755,328,3018,0.07142857142857142,hg38_vs_mm39
8,3,False,False,0.6666666666666666,-0.00773202610325561,716.0,0.02109642043288598,648,2780,0.25,hg38_vs_mm39
24,19,False,False,0.42105263157894735,-0.056155138532516,1460.0,0.09222802327984603,248,3040,0.05,hg38_vs_mm39
14,9,False,False,0.5555555555555556,-0.006364474611611624,1775.0,0.038011714027193125,648,4593,0.1,hg38_vs_mm39
6,1,False,True,0.0,0.1409278704374776,38.0,0.015412666419793173,408,1334,0.5,hg38_vs_mm39
8,3,False,True,0.0,0.04854410672817662,60.0,0.08845129865659533,568,2476,0.25,hg38_vs_mm39
8,3,False,True,0.0,0.08622800249619023,99.0,0.03347098564300705,248,1079,0.25,hg38_vs_mm39
20,15,False,False,0.2,-0.012126165915225924,790.0,0.06846482661710905,408,4122,0.0625,hg38_vs_mm39
6,2,True,True,0.0,0.048047415934739615,0.0,0.006341174140201564,928,2994,0.3333333333333333,hg38_vs_mm39
7,2,False,True,0.0,0.06697390613176935,92.0,0.03888182034821724,328,1171,0.3333333333333333,hg38_vs_mm39
29,24,False,False,0.041666666666666664,-0.006867720481672557,82.0,0.06353280718932279,128,1914,0.04,hg38_vs_mm39
10,5,False,False,0.4,-0.06117770882626131,256.0,0.07281071094366787,288,1547,0.16666666666666666,hg38_vs_mm39
28,23,False,True,0.0,0.126898660997259,120.0,0.08215472641233192,208,2999,0.041666666666666664,hg38_vs_mm39
6,1,True,True,0.0,0.10906127095157701,0.0,0.05456769123104739,408,1332,0.5,hg38_vs_mm39
18,13,False,True,0.0,0.11759861305204765,48.0,0.04307937736397295,128,1154,0.07142857142857142,hg38_vs_mm39
15,10,False,False,0.5,-0.02155436965863227,1172.0,0.062274266701917824,488,3802,0.09090909090909091,hg38_vs_mm39
18,13,False,False,0.07692307692307693,-0.0003043121109547117,1100.0,0.022434368467205482,528,4982,0.07142857142857142,hg38_vs_mm39
38,33,False,True,0.0,0.01361053893068777,58.0,0.009218060654298818,608,11622,0.029411764705882353,hg38_vs_mm39
13,8,True,True,0.0,0.09998971890276129,0.0,0.054256917717920544,368,2398,0.1111111111111111,hg38_vs_mm39
42,37,False,True,0.0,0.019077715879374145,4.0,0.02864952323425079,168,3596,0.02631578947368421,hg38_vs_mm39
31,26,False,False,0.3076923076923077,-0.023436931036915173,510.0,0.0569911151050491,208,3302,0.037037037037037035,hg38_vs_mm39
16,13,False,False,0.07692307692307693,-0.0022281662235104707,312.0,0.05121090155505086,288,2408,0.07142857142857142,hg38_vs_mm39
14,9,False,False,0.2222222222222222,-0.028573535211117454,92.0,0.06834386330725473,168,1214,0.1,hg38_vs_mm39
15,10,False,True,0.0,0.015320482148267318,20.0,0.045843214195589205,248,1972,0.09090909090909091,hg38_vs_mm39
8,3,False,True,0.0,0.036509889384685724,546.0,0.047791586008863775,688,2782,0.25,hg38_vs_mm39
67,62,False,False,0.0967741935483871,-0.012973770594183885,1237.0,0.053109203570103104,288,9755,0.015873015873015872,hg38_vs_mm39
17,12,True,True,0.0,0.036151978250375666,0.0,0.07001067835839266,368,3305,0.07692307692307693,hg38_vs_mm39
5,1,True,True,0.0,0.09466981990989745,0.0,0.03811128247483888,688,1876,0.5,hg38_vs_mm39
9,4,False,False,0.25,-0.0014384842679083243,264.0,0.07277145194997667,288,1360,0.2,hg38_vs_mm39
10,5,False,True,0.0,0.02279761710290045,239.0,0.05540159544345145,368,1879,0.16666666666666666,hg38_vs_mm39
8,3,False,False,1.0,-0.06994169490388971,312.0,0.09719089574907785,568,2429,0.25,hg38_vs_mm39
9,4,False,True,0.0,0.112686449428092,16.0,0.020010131932529145,248,1223,0.2,hg38_vs_mm39
10,5,False,False,0.4,-0.021154894193082696,601.0,0.1664538765081572,1197,6060,0.16666666666666666,hg38_vs_mm39
18,13,True,True,0.0,0.04019571640595185,0.0,0.03095144825196612,208,1876,0.07142857142857142,hg38_vs_mm39
56,51,False,False,0.29411764705882354,-0.024195465653666114,2341.0,0.0501095608522364,728,20551,0.019230769230769232,hg38_vs_mm39
7,3,False,False,0.3333333333333333,-0.006843747951594342,288.0,0.05125585408357626,568,2133,0.25,hg38_vs_mm39
28,23,False,True,0.0,0.04489780894923524,80.0,0.05123638042569524,128,1804,0.041666666666666664,hg38_vs_mm39
17,12,False,False,0.3333333333333333,-0.01675666436397115,256.0,0.07587424352514184,328,2939,0.07692307692307693,hg38_vs_mm39
13,8,True,True,0.0,0.06661193618334493,0.0,0.014106722113216274,248,1703,0.1111111111111111,hg38_vs_mm39
5,1,False,True,0.0,0.037943207397825224,126.0,0.05644853934739229,608,1634,0.5,hg38_vs_mm39
15,10,True,True,0.0,0.07393590307545111,0.0,0.033906036386458255,288,2256,0.09090909090909091,hg38_vs_mm39
11,6,False,True,0.0,0.008004427307712406,27.0,0.036275506343642704,248,1441,0.14285714285714285,hg38_vs_mm39
29,24,False,True,0.0,0.029163225613694246,5.0,0.01611617283870344,288,4253,0.04,hg38_vs_mm39
55,50,False,False,0.26,-0.01253728169128382,5032.0,0.040606106780270476,488,13463,0.0196078431372549,hg38_vs_mm39
6,2,False,True,0.0,0.010573879173594286,228.0,0.020847382771306308,728,2479,0.3333333333333333,hg38_vs_mm39
10,5,False,True,0.0,0.0645337131030077,80.0,0.02058974213801589,288,1464,0.16666666666666666,hg38_vs_mm39
6,1,True,True,0.0,0.08613139332253712,0.0,0.06142398912716916,368,1158,0.5,hg38_vs_mm39
12,7,False,False,1.0,-0.060808853532195006,256.0,0.10002277186392261,368,2214,0.125,hg38_vs_mm39
29,24,False,False,0.16666666666666666,-0.02299902402370544,112.0,0.07137577707092592,248,3652,0.04,hg38_vs_mm39
27,22,False,False,0.8636363636363636,-0.05907746968030051,230.0,0.08620653670668363,328,4510,0.043478260869565216,hg38_vs_mm39
9,4,True,True,0.0,0.0395766725791756,0.0,0.04140440549816104,808,3871,0.2,hg38_vs_mm39
7,4,False,True,0.0,0.11310012060555025,280.0,0.059162224956659785,768,3048,0.2,hg38_vs_mm39
23,18,False,True,0.0,0.01743966550210245,140.0,0.033074798567638036,248,2915,0.05263157894736842,hg38_vs_mm39
11,6,False,False,0.5,-0.010388822522201052,296.0,0.08462627100480512,408,2334,0.14285714285714285,hg38_vs_mm39
29,24,False,True,0.0,0.009645435393114715,272.0,0.03818885225450387,448,6698,0.04,hg38_vs_mm39
9,6,False,True,0.0,0.031242159994672176,65.0,0.025190608733236974,608,2961,0.14285714285714285,hg38_vs_mm39
7,2,False,True,0.0,0.018375584009270442,72.0,0.02951074591178143,528,1963,0.3333333333333333,hg38_vs_mm39
30,25,False,True,0.0,0.00442113917607484,3.0,0.055849575909782345,168,2601,0.038461538461538464,hg38_vs_mm39
7,2,False,False,0.5,-0.015181221813704564,432.0,0.06543642824997582,448,1604,0.3333333333333333,hg38_vs_mm39
18,13,False,True,0.0,0.12802717402788336,192.0,0.07273326710379122,288,2706,0.07142857142857142,hg38_vs_mm39
7,2,False,True,0.0,0.028219870542968074,123.0,0.05777711778306336,448,1603,0.3333333333333333,hg38_vs_mm39
16,11,False,True,0.0,0.02237117758875059,24.0,0.04411332354669829,328,2656,0.08333333333333333,hg38_vs_mm39
5,1,False,True,0.0,0.039245084857447446,112.0,0.009464505296532706,848,2166,0.5,hg38_vs_mm39
12,7,False,False,0.2857142857142857,-0.017818441234066965,276.0,0.08476453423076402,248,1517,0.125,hg38_vs_mm39
8,4,False,False,0.25,-0.0068809306414281575,424.0,0.025077717571493467,728,3209,0.2,hg38_vs_mm39
15,10,False,False,0.6,-0.05214486399596314,1600.0,0.08953903953517955,288,2297,0.09090909090909091,hg38_vs_mm39
14,9,True,True,0.0,0.042764686520492534,0.0,0.029309305219614116,208,1479,0.1,hg38_vs_mm39
9,5,False,False,0.4,-0.03611187728467617,310.0,0.05246552925614554,288,1414,0.16666666666666666,hg38_vs_mm39
14,9,False,True,0.0,0.06585354113184384,73.0,0.01673538214602824,328,2367,0.1,hg38_vs_mm39
41,36,False,True,0.0,0.057010808947628624,88.0,0.02833174609613456,368,7629,0.02702702702702703,hg38_vs_mm39
11,6,False,False,0.3333333333333333,-0.0017073687889373745,1396.0,0.03975997812894257,648,3572,0.14285714285714285,hg38_vs_mm39
6,1,False,False,1.0,-0.0053590345532094595,604.0,0.03236141254953215,528,1692,0.5,hg38_vs_mm39
17,12,False,False,0.5,-0.032357963900556036,52.0,0.10536582145381004,168,1456,0.07692307692307693,hg38_vs_mm39
11,6,False,False,0.3333333333333333,-0.02359747332319667,672.0,0.057058252784083094,488,2883,0.14285714285714285,hg38_vs_mm39
31,26,False,True,0.0,0.007922521994184051,80.0,0.013496154742827412,208,3278,0.037037037037037035,hg38_vs_mm39
11,6,False,False,0.16666666666666666,-0.021441104557158898,552.0,0.07751959334737388,528,3020,0.14285714285714285,hg38_vs_mm39
24,19,False,False,0.42105263157894735,-0.008954197910787349,976.0,0.0362856528113385,808,9959,0.05,hg38_vs_mm39
6,2,False,True,0.0,0.010074096542619062,316.0,0.022827519651837814,608,1892,0.3333333333333333,hg38_vs_mm39
4,1,True,True,0.0,0.15085751960015273,0.0,0.036333813722961066,808,1949,0.5,hg38_vs_mm39
8,3,True,True,0.0,0.06305806517398481,0.0,0.03177140997643707,528,2267,0.25,hg38_vs_mm39
13,8,False,True,0.0,0.011023820228011134,112.0,0.055369223180933895,448,3081,0.1111111111111111,hg38_vs_mm39
9,6,False,True,0.0,0.10506935255539757,372.0,0.029744111179712394,888,4435,0.14285714285714285,hg38_vs_mm39
6,1,False,True,0.0,0.04430634458240601,27.0,0.03101970035556224,528,1749,0.5,hg38_vs_mm39
10,5,True,True,0.0,0.06632757939786053,0.0,0.030942240181428247,248,1288,0.16666666666666666,hg38_vs_mm39
8,3,False,True,0.0,0.052943561208034104,29.0,0.0690527469921192,448,1859,0.25,hg38_vs_mm39
29,24,False,True,0.0,0.0015368016781335432,50.0,0.021527902553125595,288,4234,0.04,hg38_vs_mm39
31,26,False,False,0.07692307692307693,-0.009641345285568485,512.0,0.035885830444044524,248,3895,0.037037037037037035,hg38_vs_mm39
10,5,False,True,0.0,0.026967193882705343,105.0,0.022917504508962388,288,1529,0.16666666666666666,hg38_vs_mm39
6,1,False,True,0.0,0.045818638982555004,72.0,0.02679580218107162,448,1542,0.5,hg38_vs_mm39
10,5,True,True,0.0,0.06413999124196126,0.0,0.012827016617303965,408,2204,0.16666666666666666,hg38_vs_mm39
23,18,False,True,0.0,0.013738538396546512,12.0,0.02161299794038586,488,5689,0.05263157894736842,hg38_vs_mm39
18,13,False,False,0.15384615384615385,-0.006202323673963693,1544.0,0.02592357527309738,608,5510,0.07142857142857142,hg38_vs_mm39
10,5,True,True,0.0,0.021861993554878174,0.0,0.016134368866943763,568,2896,0.16666666666666666,hg38_vs_mm39
54,49,False,True,0.0,0.004324279401315044,26.0,0.040610537412268354,288,7878,0.02,hg38_vs_mm39
81,76,False,False,0.013157894736842105,-0.007260623192213288,3744.0,0.030237636712728812,288,11813,0.012987012987012988,hg38_vs_mm39
9,5,False,True,0.0,0.03480062447447987,28.0,0.05509584274467428,568,2590,0.16666666666666666,hg38_vs_mm39
27,22,True,True,0.0,0.0008751397153139925,0.0,0.01835964844777936,848,11464,0.043478260869565216,hg38_vs_mm39
84,79,False,True,0.0,0.0031593960481881983,16.0,0.04417508948428681,248,10431,0.0125,hg38_vs_mm39
7,2,False,False,0.5,-0.007608190546562969,140.0,0.039855353836222726,488,1920,0.3333333333333333,hg38_vs_mm39
98,93,False,False,0.21505376344086022,-0.030455457682278215,259.0,0.060515107463753416,208,10251,0.010638297872340425,hg38_vs_mm39
4,1,False,False,1.0,-0.007771135101470317,419.0,0.05698778276056229,768,1651,0.5,hg38_vs_mm39
23,18,False,False,0.3333333333333333,-0.0170925535471408,748.0,0.054687749287631454,328,3928,0.05263157894736842,hg38_vs_mm39
7,2,False,True,0.0,0.02739376499055575,108.0,0.03477538793824584,408,1558,0.3333333333333333,hg38_vs_mm39
16,11,False,True,0.0,0.00898688420594989,24.0,0.03131825552216641,408,3285,0.08333333333333333,hg38_vs_mm39
17,12,False,True,0.0,0.030927475954772687,48.0,0.04745978956512685,168,1510,0.07692307692307693,hg38_vs_mm39
20,15,False,True,0.0,0.003140853349773612,152.0,0.09213677254683365,208,2172,0.0625,hg38_vs_mm39
6,2,False,True,0.0,0.13195318721283456,90.0,0.030532156765386682,448,1458,0.3333333333333333,hg38_vs_mm39
53,48,False,True,0.0,0.04393950106796093,64.0,0.05172189735235835,128,3497,0.02040816326530612,hg38_vs_mm39
18,13,False,True,0.0,0.10289624901283853,6.0,0.017266157818250378,328,3062,0.07142857142857142,hg38_vs_mm39
34,29,False,True,0.0,0.013384030746510026,18.0,0.04266230932090871,128,2206,0.03333333333333333,hg38_vs_mm39
54,49,False,False,0.04081632653061224,-0.03264266175887375,4700.0,0.08922118623106375,248,6697,0.02,hg38_vs_mm39
8,3,False,False,0.3333333333333333,-0.016898963760270065,428.0,0.04645415169974424,808,3546,0.25,hg38_vs_mm39
8,3,False,True,0.0,0.15191013608900245,28.0,0.039647387106782714,248,1064,0.25,hg38_vs_mm39
21,16,False,False,0.375,-0.025301397710943065,528.0,0.0482834767497918,288,3043,0.058823529411764705,hg38_vs_mm39
14,9,False,False,0.1111111111111111,-0.020526185940869066,648.0,0.07249060753754671,568,4247,0.1,hg38_vs_mm39
5,1,True,True,0.0,0.08618918192716088,0.0,0.026815430003493075,568,1581,0.5,hg38_vs_mm39
12,7,False,False,0.42857142857142855,-0.04009363239597001,777.0,0.09060669490289727,288,1777,0.125,hg38_vs_mm39
17,12,False,False,0.08333333333333333,-0.004864673835202726,242.0,0.08702827363331576,448,3858,0.07692307692307693,hg38_vs_mm39
6,1,False,True,0.0,0.01838601584948315,8.0,0.025952618154755712,368,1189,0.5,hg38_vs_mm39
4,1,False,True,0.0,0.05464370633772576,88.0,0.048546926224963004,688,1624,0.5,hg38_vs_mm39
19,14,False,False,0.2857142857142857,-0.011317107850677861,409.0,0.05080290563382453,288,2857,0.06666666666666667,hg38_vs_mm39
11,6,True,True,0.0,0.14757725499597532,0.0,0.05765985821605755,208,1268,0.14285714285714285,hg38_vs_mm39
46,41,True,True,0.0,0.024448256464981756,0.0,0.019842636576492628,208,4881,0.023809523809523808,hg38_vs_mm39
47,42,True,True,0.0,0.006552315954448509,0.0,0.0301977819338679,288,6896,0.023255813953488372,hg38_vs_mm39
17,12,False,True,0.0,0.001893672678067327,149.0,0.026785053161601215,1248,10731,0.07692307692307693,hg38_vs_mm39
32,27,False,False,0.37037037037037035,-0.03845175136295765,546.0,0.08864670144321411,248,3990,0.03571428571428571,hg38_vs_mm39
36,31,False,False,0.25806451612903225,-0.03011403952562143,482.0,0.056667041153675046,208,3842,0.03125,hg38_vs_mm39
14,10,True,True,0.0,0.11259485432639135,0.0,0.059824700678109244,488,3506,0.09090909090909091,hg38_vs_mm39
14,9,False,True,0.0,0.008601385523804697,184.0,0.06098639187348619,288,2152,0.1,hg38_vs_mm39
32,27,False,True,0.0,0.01419405037347439,156.0,0.057119572545951014,528,8668,0.03571428571428571,hg38_vs_mm39
23,18,True,True,0.0,0.031075963905397887,0.0,0.019570923703990648,288,3319,0.05263157894736842,hg38_vs_mm39
17,12,True,True,0.0,0.03926293076853566,0.0,0.015609729623561453,328,2829,0.07692307692307693,hg38_vs_mm39
8,3,False,True,0.0,0.050646207228825645,125.0,0.03853850980628513,288,1285,0.25,hg38_vs_mm39
14,9,False,True,0.0,0.043321057878064895,50.0,0.01417930382555361,488,3506,0.1,hg38_vs_mm39
5,2,False,True,0.0,0.014441783633737229,89.0,0.032343786302550616,528,1449,0.3333333333333333,hg38_vs_mm39
8,3,True,True,0.0,0.055593737212191775,0.0,0.023452215589814134,328,1408,0.25,hg38_vs_mm39
5,1,False,True,0.0,0.04447809122804791,408.0,0.051894006520540686,608,1627,0.5,hg38_vs_mm39
6,1,True,True,0.0,0.02097921700320438,0.0,0.017558612359196476,888,2749,0.5,hg38_vs_mm39
5,1,False,True,0.0,0.004777193866531134,384.0,0.02326813002117357,848,2252,0.5,hg38_vs_mm39
25,20,False,True,0.0,0.056959448069767625,56.0,0.01328665715954174,288,3622,0.047619047619047616,hg38_vs_mm39
7,3,False,False,0.6666666666666666,-0.016690526477224382,208.0,0.09667523652668289,368,1413,0.25,hg38_vs_mm39
7,2,False,True,0.0,0.007170315992464621,192.0,0.05340869166945053,528,1886,0.3333333333333333,hg38_vs_mm39
21,16,False,False,0.125,-0.002581535492007493,156.0,0.04201064743296234,248,2616,0.058823529411764705,hg38_vs_mm39
6,1,True,True,0.0,0.03634312542077804,0.0,0.01934730853767356,488,1521,0.5,hg38_vs_mm39
10,6,True,True,0.0,0.18974914671255344,0.0,0.0397988488930266,408,2147,0.14285714285714285,hg38_vs_mm39
18,13,False,True,0.0,0.08676971413966192,202.0,0.017267305057432465,448,4134,0.07142857142857142,hg38_vs_mm39
9,5,False,True,0.0,0.13511181901982083,326.0,0.047861518479685825,408,1994,0.16666666666666666,hg38_vs_mm39
11,6,False,True,0.0,0.10362860966214976,1038.0,0.07392571929340533,1768,10474,0.14285714285714285,hg38_vs_mm39
16,11,True,True,0.0,0.06070177472816932,0.0,0.03126135791791589,408,3408,0.08333333333333333,hg38_vs_mm39
93,88,True,True,0.0,0.028804019206586828,0.0,0.013596700605322327,368,17261,0.011235955056179775,hg38_vs_mm39
16,11,True,True,0.0,0.14568167041356495,0.0,0.04161666467046857,248,2101,0.08333333333333333,hg38_vs_mm39
11,6,True,True,0.0,0.10592827131038293,0.0,0.017698842470509464,248,1445,0.14285714285714285,hg38_vs_mm39
25,20,False,True,0.0,0.0008176158129102468,11.0,0.05568345663441107,288,3699,0.047619047619047616,hg38_vs_mm39
21,16,False,True,0.0,0.043696044475322396,120.0,0.034786119898397666,288,3050,0.058823529411764705,hg38_vs_mm39
50,45,False,False,0.044444444444444446,-0.006255014479467524,4824.0,0.03850928386054039,248,6261,0.021739130434782608,hg38_vs_mm39
18,13,True,True,0.0,0.1014032869713126,0.0,0.014131349280489466,368,3319,0.07142857142857142,hg38_vs_mm39
11,6,False,True,0.0,0.15258914611849367,160.0,0.026665134742386,368,2063,0.14285714285714285,hg38_vs_mm39
12,7,False,True,0.0,0.038950464453537295,40.0,0.027068600513405743,288,1816,0.125,hg38_vs_mm39
27,22,True,True,0.0,0.018273061815322383,0.0,0.010371577497700981,368,5103,0.043478260869565216,hg38_vs_mm39
6,1,True,True,0.0,0.1659694396175327,0.0,0.03698541068079251,568,1953,0.5,hg38_vs_mm39
18,13,True,True,0.0,0.05697925412554348,0.0,0.019975416782586637,448,4237,0.07142857142857142,hg38_vs_mm39
84,79,False,True,0.0,0.009343265008120067,40.0,0.026552220957455925,168,7080,0.0125,hg38_vs_mm39
30,25,False,False,0.12,-0.00924904048717172,344.0,0.04446337808537781,288,4322,0.038461538461538464,hg38_vs_mm39
25,21,False,True,0.0,0.008588636672982639,32.0,0.04410312481892906,768,9650,0.045454545454545456,hg38_vs_mm39
7,2,False,True,0.0,0.26587056666948794,152.0,0.04961517967356465,328,1214,0.3333333333333333,hg38_vs_mm39
11,6,True,True,0.0,0.03770039039919997,0.0,0.02151028655904417,248,1420,0.14285714285714285,hg38_vs_mm39
16,11,True,True,0.0,0.09393081673942763,0.0,0.01786214551463338,248,2052,0.08333333333333333,hg38_vs_mm39
57,52,True,True,0.0,0.004039202445767668,0.0,0.03113387321189041,408,11795,0.018867924528301886,hg38_vs_mm39
10,5,False,True,0.0,0.07441704544954203,104.0,0.010520825407728215,448,2408,0.16666666666666666,hg38_vs_mm39
8,4,False,True,0.0,0.06869521964894806,124.0,0.0457147698807905,408,1718,0.2,hg38_vs_mm39
17,12,False,True,0.0,0.09686134513027064,24.0,0.031811294549217876,208,1849,0.07692307692307693,hg38_vs_mm39
11,6,True,True,0.0,0.051124181621547235,0.0,0.018322337509213183,248,1389,0.14285714285714285,hg38_vs_mm39
25,20,True,True,0.0,0.006247399391963872,0.0,0.028703695925882226,408,5173,0.047619047619047616,hg38_vs_mm39
9,4,True,True,0.0,0.23465180664030288,0.0,0.026862433970410424,248,1165,0.2,hg38_vs_mm39
6,1,False,True,0.0,0.05071420621790866,32.0,0.01707299344956685,408,1396,0.5,hg38_vs_mm39
86,81,False,False,0.4074074074074074,-0.031440469732603595,8400.0,0.08583897081480665,368,16001,0.012195121951219513,hg38_vs_mm39
26,21,False,True,0.0,0.05533697822937109,176.0,0.0603400330722747,248,3255,0.045454545454545456,hg38_vs_mm39
14,9,False,True,0.0,0.056953898948947854,184.0,0.010484729516550662,448,3262,0.1,hg38_vs_mm39
15,10,True,True,0.0,0.04085488605519651,0.0,0.032359942386614854,208,1576,0.09090909090909091,hg38_vs_mm39
31,26,False,False,0.3076923076923077,-0.013038876690388584,831.0,0.09235266686734855,248,3943,0.037037037037037035,hg38_vs_mm39
48,43,False,True,0.0,0.0016239500743888968,16.0,0.06407762554424416,128,3092,0.022727272727272728,hg38_vs_mm39
6,2,False,False,0.5,-0.0152068199950781,392.0,0.08136401235298792,448,1368,0.3333333333333333,hg38_vs_mm39
5,2,False,True,0.0,0.0012816681298930682,288.0,0.06702475781844092,768,2273,0.3333333333333333,hg38_vs_mm39
17,12,True,True,0.0,0.025132116136421207,0.0,0.024277396406890975,288,2450,0.07692307692307693,hg38_vs_mm39
7,2,False,True,0.0,0.12528317655572835,35.0,0.03553824952616451,768,2949,0.3333333333333333,hg38_vs_mm39
13,8,False,True,0.0,0.040761862064790017,96.0,0.060879937410634646,248,1616,0.1111111111111111,hg38_vs_mm39
5,1,False,True,0.0,0.33069024388171997,32.0,0.07045383289230353,368,1038,0.5,hg38_vs_mm39
12,7,False,False,0.7142857142857143,-0.04652884590682839,234.0,0.0945993605066041,408,2510,0.125,hg38_vs_mm39
7,2,True,True,0.0,0.0049844287991180555,0.0,0.056694512845839186,928,3319,0.3333333333333333,hg38_vs_mm39
22,17,False,True,0.0,0.013999879918303051,244.0,0.06808114443997632,288,3276,0.05555555555555555,hg38_vs_mm39
70,65,False,False,0.12307692307692308,-0.03731074463808381,800.0,0.08631758238850407,208,7344,0.015151515151515152,hg38_vs_mm39
9,4,False,False,0.75,-0.009493629057242707,1313.0,0.051268850202822173,768,3625,0.2,hg38_vs_mm39
6,1,False,False,1.0,-0.022120650107173206,189.0,0.0986002484569384,448,1467,0.5,hg38_vs_mm39
26,21,False,True,0.0,0.07807821288941715,16.0,0.07135096148098573,128,1666,0.045454545454545456,hg38_vs_mm39
9,4,False,False,0.75,-0.055121650398639095,471.0,0.08727153705801453,328,1593,0.2,hg38_vs_mm39
55,50,False,False,0.02,-0.00011410194523166217,3240.0,0.02177887358627252,528,14647,0.0196078431372549,hg38_vs_mm39
32,27,False,False,0.07407407407407407,-0.051517232210649105,492.0,0.0884202951731279,168,2726,0.03571428571428571,hg38_vs_mm39
57,52,False,False,0.09615384615384616,-0.01958974728828322,144.0,0.0676225601935121,288,8416,0.018867924528301886,hg38_vs_mm39
18,13,False,True,0.0,0.12561510589709562,28.0,0.040612256575889204,168,1540,0.07142857142857142,hg38_vs_mm39
5,1,True,True,0.0,0.12295224592867346,0.0,0.0177725348014423,648,1901,0.5,hg38_vs_mm39
7,4,False,True,0.0,0.03899074728592694,17.0,0.10842781793248654,528,1905,0.2,hg38_vs_mm39
17,12,False,False,0.16666666666666666,-0.028819246306510102,112.0,0.07068140990481933,168,1505,0.07692307692307693,hg38_vs_mm39
8,3,False,True,0.0,0.076648690322907,148.0,0.05156956628243336,328,1432,0.25,hg38_vs_mm39
8,3,True,True,0.0,0.15544301043985842,0.0,0.026075737904157223,288,1263,0.25,hg38_vs_mm39
9,4,False,True,0.0,0.026867112795981012,40.0,0.018800398907526186,368,1772,0.2,hg38_vs_mm39
7,2,False,True,0.0,0.1368507356576009,171.0,0.03556527776517624,368,1349,0.3333333333333333,hg38_vs_mm39
5,2,False,False,1.0,-0.010270026420901107,1410.0,0.03755895812455747,1128,3102,0.3333333333333333,hg38_vs_mm39
19,14,False,True,0.0,0.04388880893064022,44.0,0.01642907739886747,408,4009,0.06666666666666667,hg38_vs_mm39
12,7,False,True,0.0,0.04346400196599033,42.0,0.04586348203262178,208,1290,0.125,hg38_vs_mm39
47,42,False,False,0.30952380952380953,-0.022060843985281985,1059.0,0.06434728238601002,448,10675,0.023255813953488372,hg38_vs_mm39
11,6,True,True,0.0,0.19778322096748158,0.0,0.045969924335819715,208,1185,0.14285714285714285,hg38_vs_mm39
11,6,False,True,0.0,0.005760168215470984,23.0,0.0639104158302374,248,1451,0.14285714285714285,hg38_vs_mm39
61,56,False,False,0.21428571428571427,-0.03405702428963023,80.0,0.0926229927246207,168,5131,0.017543859649122806,hg38_vs_mm39
11,6,False,False,0.6666666666666666,-0.03906595068652191,134.0,0.2463147178229992,208,1218,0.14285714285714285,hg38_vs_mm39
6,1,False,True,0.0,0.00022621620270109333,163.0,0.0837727103491981,488,1537,0.5,hg38_vs_mm39
6,3,True,True,0.0,0.0061394042897193815,0.0,0.025803954815588233,1328,4236,0.25,hg38_vs_mm39
35,30,False,False,0.03333333333333333,-0.0072193257569148905,93.0,0.07788310106875034,328,5847,0.03225806451612903,hg38_vs_mm39
12,7,True,True,0.0,0.006885880232488234,0.0,0.031801393242441925,368,2261,0.125,hg38_vs_mm39
9,4,False,False,0.5,-0.015788136398579948,208.0,0.05654652846514321,488,2229,0.2,hg38_vs_mm39
11,6,False,False,0.3333333333333333,-0.017731760981178988,340.0,0.04352061800484522,248,1441,0.14285714285714285,hg38_vs_mm39
21,16,False,False,0.1875,-0.02018817337028767,356.0,0.048382321405143786,248,2616,0.058823529411764705,hg38_vs_mm39
35,30,False,False,0.3,-0.058544657300792786,280.0,0.08857212663745127,208,3720,0.03225806451612903,hg38_vs_mm39
11,8,True,True,0.0,0.04488873627399231,0.0,0.05868297113464523,208,1236,0.1111111111111111,hg38_vs_mm39
11,6,False,False,0.6666666666666666,-0.05109123980405397,557.0,0.06657808865694434,408,2337,0.14285714285714285,hg38_vs_mm39
9,4,False,False,0.25,-0.006184849914503701,103.0,0.07313174429868174,288,1407,0.2,hg38_vs_mm39
18,13,False,False,0.15384615384615385,-0.039135871591907026,219.0,0.057838601452794694,208,1955,0.07142857142857142,hg38_vs_mm39
30,25,True,True,0.0,0.0002229751706916,0.0,0.062093764481347694,688,10530,0.038461538461538464,hg38_vs_mm39
31,26,False,True,0.0,0.03495081514382997,25.0,0.08916837726736415,208,3279,0.037037037037037035,hg38_vs_mm39
7,2,True,True,0.0,0.09034148153904964,0.0,0.01695353164321574,368,1349,0.3333333333333333,hg38_vs_mm39
17,12,True,True,0.0,0.10261928872192592,0.0,0.06828604283132007,128,1092,0.07692307692307693,hg38_vs_mm39
13,8,True,True,0.0,0.04226711009755876,0.0,0.03388125222935007,288,1904,0.1111111111111111,hg38_vs_mm39
7,2,False,True,0.0,0.04987144052855499,392.0,0.02020913246488818,608,2258,0.3333333333333333,hg38_vs_mm39
32,27,False,True,0.0,0.11202666190520028,48.0,0.05769955561276854,128,2074,0.03571428571428571,hg38_vs_mm39
45,40,True,True,0.0,0.0470889328480826,0.0,0.015563808141229712,288,6613,0.024390243902439025,hg38_vs_mm39
6,1,False,True,0.0,0.1832486528122937,168.0,0.060347503819223575,328,1140,0.5,hg38_vs_mm39
23,18,False,True,0.0,1.1115059355245455e-05,424.0,0.020318270395310888,688,8120,0.05263157894736842,hg38_vs_mm39
26,21,False,True,0.0,0.0028416915158860773,397.0,0.08516780483043813,568,7455,0.045454545454545456,hg38_vs_mm39
12,7,False,True,0.0,0.017440865408005726,286.0,0.017058773259276648,488,3026,0.125,hg38_vs_mm39
9,5,False,False,0.2,-0.00924117438365031,554.0,0.08648880518239227,608,2822,0.16666666666666666,hg38_vs_mm39
20,15,False,False,0.13333333333333333,-0.017178905289899904,720.0,0.04761886775156095,288,3035,0.0625,hg38_vs_mm39
14,9,False,True,0.0,0.023246512585530885,188.0,0.040963374843042716,848,6044,0.1,hg38_vs_mm39
4,1,True,True,0.0,0.12278989463956824,0.0,0.03344988483651692,568,1359,0.5,hg38_vs_mm39
14,9,False,True,0.0,0.004072090811254835,128.0,0.04543607211427468,448,3309,0.1,hg38_vs_mm39
18,13,False,True,0.0,0.031888106090625035,32.0,0.06384773170639249,128,1168,0.07142857142857142,hg38_vs_mm39
7,2,True,True,0.0,0.04197693879969157,0.0,0.052033199244778464,848,3294,0.3333333333333333,hg38_vs_mm39
14,9,True,True,0.0,0.013254658715001862,0.0,0.028311421707431086,288,2120,0.1,hg38_vs_mm39
61,56,False,True,0.0,0.03215922085854642,82.0,0.09411384273351342,168,5206,0.017543859649122806,hg38_vs_mm39
6,2,False,False,0.5,-0.0393610016853254,392.0,0.07534401850599515,488,1465,0.3333333333333333,hg38_vs_mm39
10,5,False,True,0.0,0.02566147448476966,74.0,0.1122703126967797,208,1046,0.16666666666666666,hg38_vs_mm39
11,6,False,True,0.0,0.03648308230468375,20.0,0.018399095101541516,328,1897,0.14285714285714285,hg38_vs_mm39
7,2,False,False,0.5,-0.004375739010794244,1080.0,0.03749592887947099,768,2932,0.3333333333333333,hg38_vs_mm39
7,2,False,True,0.0,0.017833982639948565,8.0,0.06519091003727197,368,1424,0.3333333333333333,hg38_vs_mm39
6,3,False,True,0.0,0.10210673476636073,24.0,0.05182453297422284,648,2062,0.25,hg38_vs_mm39
14,9,True,True,0.0,0.06265316473932406,0.0,0.015488879005969495,248,1752,0.1,hg38_vs_mm39
7,3,False,True,0.0,0.034326457411640005,288.0,0.05920555139166418,288,1211,0.25,hg38_vs_mm39
16,11,True,True,0.0,0.0057788203095578555,0.0,0.06698816903107793,288,2385,0.08333333333333333,hg38_vs_mm39
8,3,False,False,0.3333333333333333,-0.009879434129148129,221.0,0.14348642946921886,288,1267,0.25,hg38_vs_mm39
9,4,False,True,0.0,0.11247508983706271,56.0,0.08441676740379879,248,1152,0.2,hg38_vs_mm39
25,20,False,True,0.0,0.06482927761450528,156.0,0.055332219471211516,328,4190,0.047619047619047616,hg38_vs_mm39
86,81,True,True,0.0,0.10407547184838442,0.0,0.034791296938768666,128,5537,0.012195121951219513,hg38_vs_mm39
8,3,False,False,1.0,-0.008722129230945029,332.0,0.03810205017262354,408,1660,0.25,hg38_vs_mm39
8,3,True,True,0.0,0.07231548329325463,0.0,0.09532269583157704,448,1829,0.25,hg38_vs_mm39
19,14,False,False,0.14285714285714285,-0.009396848836590296,152.0,0.08446481031231852,288,2848,0.06666666666666667,hg38_vs_mm39
5,2,False,False,0.5,-0.02296014104398606,312.0,0.07012381278746249,568,1567,0.3333333333333333,hg38_vs_mm39
11,6,False,False,0.3333333333333333,-0.04177044925565608,279.0,0.06794421687999973,288,1625,0.14285714285714285,hg38_vs_mm39
7,2,False,False,0.5,-0.0001286191087340044,436.0,0.0536843864088227,528,2052,0.3333333333333333,hg38_vs_mm39
101,97,False,True,0.0,0.013007178011815737,79.0,0.06820921625320571,128,10425,0.01020408163265306,hg38_vs_mm39
27,23,False,True,0.0,0.038276347505796185,288.0,0.02389381211959396,488,6613,0.041666666666666664,hg38_vs_mm39
